0,3.9833333,3.9833333,0.0
1,3.9666667,3.9666667,0.0
2,3.95,3.95,0.0
3,3.9333334,3.9333334,0.0
4,3.9166667,3.9166667,0.0
5,3.9,3.9,0.0
6,3.8833334,3.8833334,0.0
7,3.8666668,3.8666668,0.0
8,3.8500001,3.8500001,0.0
9,3.8333335,3.8333335,0.0
10,3.8166668,3.8166668,0.0
11,3.8000002,3.8000002,0.0
12,3.7833335,3.7833335,0.0
13,3.766667,3.766667,0.0
14,3.7500002,3.7500002,0.0
15,3.7333336,3.7333336,0.0
16,3.716667,3.716667,0.0
17,3.7000003,3.7000003,0.0
18,3.6833336,3.6833336,0.0
19,3.666667,3.666667,0.0
20,3.6500003,3.6500003,0.0
21,3.6333337,3.6333337,0.0
22,3.616667,3.616667,0.0
23,3.6000004,3.6000004,0.0
24,3.5833337,3.5833337,0.0
25,3.566667,3.566667,0.0
26,3.5500004,3.5500004,0.0
27,3.5333338,3.5333338,0.0
28,3.5166671,3.5166671,0.0
29,3.5000005,3.5000005,0.0
30,3.4833338,3.4833338,0.0
31,3.4666672,3.4666672,0.0
32,3.4500005,3.4500005,0.0
33,3.4333339,3.4333339,0.0
34,3.4166672,3.4166672,0.0
35,3.4000006,3.4000006,0.0
36,3.383334,3.383334,0.0
37,3.3666673,3.3666673,0.0
38,3.3500006,3.3500006,0.0
39,3.333334,3.333334,0.0
40,3.3166673,3.3166673,0.0
41,3.3000007,3.3000007,0.0
42,3.283334,3.283334,0.0
43,3.2666674,3.2666674,0.0
44,3.2500007,3.2500007,0.0
45,3.233334,3.233334,0.0
46,3.2166674,3.2166674,0.0
47,3.2000008,3.2000008,0.0
48,3.183334,3.183334,0.0
49,3.1666675,3.3666673,0.0
50,3.1500008,3.3500006,0.0
51,3.1333342,3.3333342,0.0
52,3.1166675,3.3166676,0.0
53,3.1000009,3.3000007,0.0
54,3.0833342,3.2833343,0.0
55,3.0666676,3.6666675,0.0
56,3.050001,3.650001,0.0
57,3.0333343,3.6333342,0.0
58,3.0166676,3.6166675,0.0
59,3.000001,3.6000009,0.0
60,2.9833343,3.5833342,0.0
61,2.9666677,3.7666676,0.0
62,2.950001,3.750001,0.0
63,2.9333344,3.7333343,0.0
64,2.9166677,3.7166677,0.0
65,2.900001,3.700001,0.0
66,2.8833344,3.6833344,0.0
67,2.8666677,3.6666677,0.0
68,2.850001,3.650001,0.0
69,2.8333344,3.6333344,0.0
70,2.8166678,3.6166677,0.0
71,2.8000011,3.600001,0.0
72,2.7833345,3.5833344,0.0
73,2.7666678,3.5666678,0.0
74,2.7500012,3.5500011,0.0
75,2.7333345,3.5333345,0.0
76,2.716668,3.5166678,0.0
77,2.7000012,3.5000012,0.0
78,2.6833346,3.4833345,0.0
79,2.666668,3.466668,0.0
80,2.6500013,3.4500012,0.0
81,2.6333346,3.4333346,0.0
82,2.616668,3.416668,0.0
83,2.6000013,3.4000013,0.0
84,2.5833347,3.3833346,0.0
85,2.566668,3.366668,0.0
86,2.5500014,3.3500013,0.0
87,2.5333347,3.3333347,0.0
88,2.516668,3.316668,0.0
89,2.5000014,3.3000014,0.0
90,2.4833348,3.2833347,0.0
91,2.4666681,3.266668,0.0
92,2.4500015,3.2500014,0.0
93,2.4333348,3.2333348,0.0
94,2.4166682,3.2166681,0.0
95,2.4000015,3.2000015,0.0
96,2.3833349,3.1833348,0.0
97,2.3666682,3.1666682,0.0
98,2.3500016,3.3500016,0.0
99,2.333335,3.333335,0.0
100,2.3166683,3.316668,0.0
101,2.3000016,3.5000014,0.0
102,2.283335,3.483335,0.0
103,2.2666683,3.4666684,0.0
104,2.2500017,3.4500017,0.0
105,2.233335,3.4333348,0.0
106,2.2166684,3.6166682,0.0
107,2.2000017,3.8000016,0.0
108,2.183335,3.783335,0.0
109,2.1666684,3.7666683,0.0
110,2.1500018,3.7500017,0.0
111,2.133335,3.733335,0.0
112,2.1166685,3.7166684,0.0
113,2.1000018,3.7000017,0.0
114,2.0833352,3.683335,0.0
115,2.0666685,3.6666684,0.0
116,2.0500019,3.6500018,0.0
117,2.0333352,3.633335,0.0
118,2.0166686,3.6166685,0.0
119,2.000002,3.6000018,0.0
120,1.9833353,3.5833352,0.0
121,1.9666686,3.5666685,0.0
122,1.950002,3.5500019,0.0
123,1.9333353,3.5333352,0.0
124,1.9166687,3.5166686,0.0
125,1.900002,3.500002,0.0
126,1.8833354,3.4833353,0.0
127,1.8666687,3.4666686,0.0
128,1.850002,3.450002,0.0
129,1.8333354,3.4333353,0.0
130,1.8166687,3.4166687,0.0
131,1.8000021,3.400002,0.0
132,1.7833354,3.3833354,0.0
133,1.7666688,3.3666687,0.0
134,1.7500021,3.350002,0.0
135,1.7333355,3.3333354,0.0
136,1.7166688,3.3166687,0.0
137,1.7000022,3.300002,0.0
138,1.6833355,3.2833354,0.0
139,1.6666689,3.2666688,0.0
140,1.6500022,3.2500021,0.0
141,1.6333356,3.2333355,0.0
142,1.6166689,3.2166688,0.0
143,1.6000023,3.2000022,0.0
144,1.5833356,3.1833355,0.0
145,1.566669,3.166669,0.0
146,1.5500023,3.1500022,0.0
147,1.5333357,3.3333354,0.0
148,1.516669,3.3166687,0.0
149,1.5000024,3.3000023,0.0
150,1.4833357,3.4833357,0.0
151,1.4666691,3.466669,0.0
152,1.4500024,3.4500022,0.0
153,1.4333358,3.4333355,0.0
154,1.4166691,3.4166691,0.0
155,1.4000025,3.4000025,0.0
156,1.3833358,3.3833356,0.0
157,1.3666692,3.3666692,0.0
158,1.3500025,3.3500025,0.0
159,1.3333359,3.3333359,0.0
160,1.3166692,3.316669,0.0
161,1.3000026,3.3000023,0.0
162,1.2833359,3.283336,0.0
163,1.2666693,3.2666693,0.0
164,1.2500026,3.2500024,0.0
165,1.233336,3.233336,0.0
166,1.2166693,3.2166693,0.0
167,1.2000027,3.2000027,0.0
168,1.183336,3.1833358,0.0
169,1.1666694,3.3666692,0.0
170,1.1500027,3.3500025,0.0
171,1.1333361,3.3333359,0.0
172,1.1166694,3.3166692,0.0
173,1.7000027,3.5000026,0.0
174,2.283336,3.483336,0.0
175,2.2666693,3.4666693,0.0
176,2.2500029,3.4500027,0.0
177,2.233336,3.433336,0.0
178,2.2166693,3.4166694,0.0
179,2.2000027,3.4000027,0.0
180,2.1833363,3.383336,0.0
181,2.1666694,3.3666694,0.0
182,2.1500027,3.3500028,0.0
183,2.133336,3.333336,0.0
184,2.1166697,3.3166695,0.0
185,2.1000028,3.3000028,0.0
186,2.083336,3.2833362,0.0
187,2.0666695,3.2666695,0.0
188,2.050003,3.2500029,0.0
189,2.0333362,3.2333362,0.0
190,2.0166695,3.2166696,0.0
191,2.0000029,3.200003,0.0
192,2.3833363,3.1833363,0.0
193,2.3666697,3.1666696,0.0
194,2.350003,3.150003,0.0
195,2.3333364,3.1333363,0.0
196,2.3166697,3.1166697,0.0
197,2.300003,3.100003,0.0
198,2.2833364,3.0833364,0.0
199,2.2666698,3.0666697,0.0
200,2.250003,3.050003,0.0
201,2.2333364,3.0333364,0.0
202,2.2166698,3.0166698,0.0
203,2.2000031,3.000003,0.0
204,2.1833365,2.9833364,0.0
205,2.1666698,2.9666698,0.0
206,2.1500032,2.9500031,0.0
207,2.1333365,2.9333365,0.0
208,2.11667,2.9166698,0.0
209,2.1000032,2.9000032,0.0
210,2.0833366,2.8833365,0.0
211,2.06667,2.86667,0.0
212,2.0500033,2.8500032,0.0
213,2.0333366,2.8333366,0.0
214,2.01667,2.81667,0.0
215,2.0000033,2.8000033,0.0
216,1.9833367,2.7833366,0.0
217,1.96667,2.76667,0.0
218,1.9500034,2.7500033,0.0
219,1.9333367,2.7333367,0.0
220,1.9166701,2.71667,0.0
221,1.9000034,2.7000034,0.0
222,1.8833368,2.6833367,0.0
223,1.8666701,2.66667,0.0
224,1.8500035,2.6500034,0.0
225,1.8333368,2.6333368,0.0
226,1.8166702,2.6166701,0.0
227,1.8000035,2.6000035,0.0
228,1.7833369,2.5833368,0.0
229,1.7666702,2.5666702,0.0
230,1.7500036,2.5500035,0.0
231,1.7333369,2.5333369,0.0
232,1.7166703,2.5166702,0.0
233,1.7000036,2.5000036,0.0
234,1.683337,2.483337,0.0
235,1.6666703,2.4666703,0.0
236,1.6500037,2.4500036,0.0
237,1.633337,2.433337,0.0
238,1.6166704,2.4166703,0.0
239,1.6000037,2.4000037,0.0
240,1.9833369,2.383337,0.0
241,1.9666704,2.3666704,0.0
242,1.9500039,2.3500037,0.0
243,1.9333371,2.333337,0.0
244,1.9166703,2.3166704,0.0
245,1.9000038,2.3000038,0.0
246,1.8833373,2.283337,0.0
247,1.8666705,2.2666705,0.0
248,1.8500037,2.2500038,0.0
249,1.8333372,2.633337,0.0
250,1.8166707,3.4166706,0.0
251,1.8000039,3.400004,0.0
252,1.7833371,3.383337,0.0
253,1.7666706,3.3666704,0.0
254,1.750004,3.7500038,0.0
255,1.7333373,3.7333372,0.0
256,1.7166705,3.7166705,0.0
257,1.700004,3.7000039,0.0
258,1.6833375,3.6833372,0.0
259,1.6666707,3.6666706,0.0
260,1.6500039,3.650004,0.0
261,1.6333374,3.6333373,0.0
262,1.6166708,3.6166706,0.0
263,1.6000041,3.600004,0.0
264,1.5833373,3.5833373,0.0
265,1.5666708,3.5666707,0.0
266,1.5500042,3.550004,0.0
267,1.5333375,3.5333374,0.0
268,1.5166707,3.5166707,0.0
269,1.5000042,3.500004,0.0
270,1.4833376,3.4833374,0.0
271,1.4666709,3.4666708,0.0
272,1.4500041,3.450004,0.0
273,1.4333376,3.4333375,0.0
274,1.416671,3.4166708,0.0
275,1.4000043,3.4000041,0.0
276,1.3833375,3.3833375,0.0
277,1.366671,3.3666708,0.0
278,1.3500044,3.3500042,0.0
279,1.3333377,3.3333375,0.0
280,1.3166709,3.316671,0.0
281,1.3000044,3.3000042,0.0
282,1.2833378,3.2833376,0.0
283,1.2666711,3.266671,0.0
284,1.2500043,3.2500043,0.0
285,1.2333378,3.2333376,0.0
286,1.2166712,3.216671,0.0
287,1.2000045,3.2000043,0.0
288,1.9833378,3.1833377,0.0
289,1.9666711,3.166671,0.0
290,1.9500045,3.1500044,0.0
291,1.9333378,3.3333378,0.0
292,1.9166712,3.316671,0.0
293,1.9000045,3.3000045,0.0
294,1.8833379,3.4833379,0.0
295,1.8666712,3.466671,0.0
296,1.8500046,3.4500046,0.0
297,2.433338,3.4333377,0.0
298,2.4166713,3.4166713,0.0
299,2.6000047,3.4000046,0.0
300,2.5833378,3.383338,0.0
301,2.5666714,3.366671,0.0
302,2.5500045,3.3500047,0.0
303,2.533338,3.3333378,0.0
304,2.5166712,3.3166714,0.0
305,2.5000048,3.3000045,0.0
306,2.4833379,3.283338,0.0
307,2.4666715,3.2666714,0.0
308,2.4500046,3.2500048,0.0
309,2.4333382,3.2333379,0.0
310,2.4166713,3.2166715,0.0
311,2.4000049,3.2000046,0.0
312,2.383338,3.1833382,0.0
313,2.3666716,3.1666713,0.0
314,2.3500047,3.1500049,0.0
315,2.3333383,3.1333382,0.0
316,2.3166714,3.1166716,0.0
317,2.300005,3.1000047,0.0
318,2.283338,3.0833383,0.0
319,2.2666717,3.0666714,0.0
320,2.2500048,3.050005,0.0
321,2.2333384,3.033338,0.0
322,2.2166715,3.0166717,0.0
323,2.200005,3.2000048,0.0
324,2.1833382,3.1833382,0.0
325,2.1666718,3.1666715,0.0
326,2.1500049,3.1500049,0.0
327,2.1333385,3.1333385,0.0
328,2.1166716,3.1166716,0.0
329,2.1000051,3.100005,0.0
330,2.0833383,3.0833383,0.0
331,2.0666718,3.0666716,0.0
332,2.050005,3.050005,0.0
333,2.0333385,3.0333383,0.0
334,2.0166717,3.0166717,0.0
335,2.0000052,3.0000052,0.0
336,1.9833384,2.9833384,0.0
337,2.7666717,2.9666717,0.0
338,2.7500052,3.150005,0.0
339,2.7333384,3.1333387,0.0
340,2.9166718,3.1166716,0.0
341,2.900005,3.1000051,0.0
342,2.8833387,3.0833385,0.0
343,2.866672,3.0666718,0.0
344,2.8500051,3.050005,0.0
345,2.8333385,3.0333385,0.0
346,2.8166718,3.016672,0.0
347,2.8000054,3.0000055,0.0
348,2.9833386,2.9833384,0.0
349,2.966672,2.966672,0.0
350,2.9500055,2.9500053,0.0
351,2.9333386,2.9333386,0.0
352,2.916672,2.9166718,0.0
353,2.9000053,2.9000053,0.0
354,2.8833387,2.8833387,0.0
355,2.866672,2.8666723,0.0
356,2.8500054,2.8500051,0.0
357,2.8333387,2.8333387,0.0
358,2.816672,2.816672,0.0
359,2.8000054,2.8000054,0.0
360,2.7833388,2.7833385,0.0
361,2.7666721,2.7666721,0.0
362,2.7500052,2.7500055,0.0
363,2.7333388,2.733339,0.0
364,2.7166722,2.716672,0.0
365,2.7000055,2.7000055,0.0
366,2.6833386,2.6833389,0.0
367,2.666672,2.6666722,0.0
368,2.8500056,2.6500053,0.0
369,2.833339,2.633339,0.0
370,2.8166723,2.6166723,0.0
371,2.8000054,2.6000059,0.0
372,2.783339,2.5833387,0.0
373,2.7666724,2.5666723,0.0
374,2.7500057,2.5500057,0.0
375,2.7333388,2.533339,0.0
376,2.7166724,2.5166721,0.0
377,2.7000058,2.5000057,0.0
378,2.683339,2.483339,0.0
379,2.6666722,2.4666727,0.0
380,2.6500058,2.4500055,0.0
381,2.6333392,2.433339,0.0
382,2.6166725,2.4166725,0.0
383,2.6000056,2.4000058,0.0
384,2.5833392,2.383339,0.0
385,2.5666726,2.3666725,0.0
386,2.550006,2.3500059,0.0
387,2.533339,2.3333392,0.0
388,2.5166726,2.3166723,0.0
389,2.500006,2.300006,0.0
390,2.4833393,2.2833393,0.0
391,2.4666724,2.2666726,0.0
392,2.450006,2.2500057,0.0
393,2.4333394,2.2333393,0.0
394,2.6166725,2.2166727,0.0
395,2.6000059,2.200006,0.0
396,2.5833392,2.183339,0.0
397,2.5666726,2.1666727,0.0
398,2.550006,2.150006,0.0
399,2.5333393,2.1333394,0.0
400,2.5166726,2.1166725,0.0
401,2.700006,2.100006,0.0
402,2.6833394,2.0833395,0.0
403,2.8666725,2.0666728,0.0
404,2.850006,2.050006,0.0
405,2.8333395,2.0333395,0.0
406,2.8166728,2.6166728,0.0
407,2.8000062,2.8000062,0.0
408,2.7833395,2.7833395,0.0
409,2.7666728,2.7666728,0.0
410,2.7500062,2.7500062,0.0
411,2.7333393,2.7333395,0.0
412,2.716673,2.716673,0.0
413,2.7000062,2.7000062,0.0
414,2.6833396,2.6833396,0.0
415,2.666673,2.666673,0.0
416,2.6500063,2.6500063,0.0
417,2.6333396,2.6333396,0.0
418,2.616673,2.616673,0.0
419,2.6000063,2.6000063,0.0
420,2.5833397,2.5833397,0.0
421,2.566673,2.566673,0.0
422,2.5500064,2.5500064,0.0
423,2.5333397,2.5333397,0.0
424,2.516673,2.516673,0.0
425,2.5000064,2.5000064,0.0
426,2.4833398,2.4833398,0.0
427,2.4666731,2.4666731,0.0
428,2.4500065,2.4500065,0.0
429,2.4333398,2.4333398,0.0
430,2.4166732,2.4166732,0.0
431,2.4000065,2.4000065,0.0
432,2.5833397,2.38334,0.0
433,2.566673,2.3666732,0.0
434,2.5500064,2.3500066,0.0
435,2.5333397,2.33334,0.0
436,2.516673,2.3166733,0.0
437,2.5000064,2.3000066,0.0
438,2.4833398,2.28334,0.0
439,2.4666731,2.2666733,0.0
440,2.4500065,2.2500067,0.0
441,2.4333398,2.23334,0.0
442,2.4166732,2.2166734,0.0
443,2.4000065,2.2000067,0.0
444,2.38334,2.18334,0.0
445,2.3666732,2.1666734,0.0
446,2.3500066,2.1500068,0.0
447,2.33334,2.1333401,0.0
448,2.3166733,2.1166735,0.0
449,2.3000066,2.1000068,0.0
450,2.28334,2.0833402,0.0
451,2.2666733,2.0666735,0.0
452,2.2500067,2.0500069,0.0
453,2.23334,2.0333402,0.0
454,2.2166734,2.0166736,0.0
455,2.2000067,2.000007,0.0
456,2.18334,1.9833403,0.0
457,2.1666734,1.9666736,0.0
458,2.1500068,1.950007,0.0
459,2.1333401,1.9333403,0.0
460,2.1166735,1.9166737,0.0
461,2.1000068,1.900007,0.0
462,2.0833402,1.8833404,0.0
463,2.0666735,1.8666737,0.0
464,2.0500069,1.850007,0.0
465,2.0333402,1.8333404,0.0
466,2.0166736,1.8166738,0.0
467,2.000007,1.8000071,0.0
468,1.9833403,1.7833405,0.0
469,1.9666736,1.7666738,0.0
470,1.9500071,1.7500072,0.0
471,1.9333403,1.7333405,0.0
472,1.9166737,1.7166739,0.0
473,1.900007,1.7000072,0.0
474,1.8833405,1.6833405,0.0
475,1.8666737,1.6666739,0.0
476,1.850007,1.6500072,0.0
477,1.8333404,1.6333406,0.0
478,1.8166739,1.616674,0.0
479,1.8000071,1.6000073,0.0
480,1.9833405,1.9833407,0.0
481,1.9666739,1.966674,0.0
482,1.9500073,1.9500072,0.0
483,1.9333405,1.9333407,0.0
484,1.9166739,1.9166741,0.0
485,1.9000072,1.9000074,0.0
486,1.8833407,1.8833406,0.0
487,1.866674,1.8666741,0.0
488,1.8500073,1.8500075,0.0
489,1.8333406,1.8333408,0.0
490,1.8166741,1.816674,0.0
491,1.8000073,1.8000075,0.0
492,2.1833408,1.7833409,0.0
493,2.1666741,1.7666742,0.0
494,2.1500072,2.3500075,0.0
495,2.1333408,2.333341,0.0
496,2.1166742,2.3166742,0.0
497,2.1000075,2.7000074,0.0
498,2.0833406,2.6833408,0.0
499,2.0666742,2.6666741,0.0
500,2.0500076,2.6500075,0.0
501,2.033341,2.6333408,0.0
502,2.016674,2.6166742,0.0
503,2.0000076,2.6000075,0.0
504,1.983341,2.5833411,0.0
505,1.9666743,2.5666742,0.0
506,1.9500076,2.5500076,0.0
507,1.933341,2.533341,0.0
508,1.9166744,2.5166743,0.0
509,1.9000077,2.5000076,0.0
510,1.883341,2.483341,0.0
511,1.8666744,2.4666743,0.0
512,1.8500078,2.4500077,0.0
513,1.8333411,2.433341,0.0
514,1.8166744,2.4166744,0.0
515,1.8000078,2.8000078,0.0
516,1.7833412,2.7833412,0.0
517,1.7666745,2.7666745,0.0
518,1.7500077,2.7500079,0.0
519,1.7333412,2.7333412,0.0
520,1.7166746,2.7166746,0.0
521,1.7000079,2.700008,0.0
522,1.6833411,2.6833413,0.0
523,1.6666746,2.6666746,0.0
524,1.650008,2.650008,0.0
525,1.6333413,2.6333413,0.0
526,1.6166745,2.6166747,0.0
527,1.600008,2.600008,0.0
528,1.5833414,3.383341,0.0
529,1.5666747,3.3666747,0.0
530,1.5500079,3.350008,0.0
531,1.7333413,3.3333411,0.0
532,1.7166748,3.3166747,0.0
533,1.700008,3.300008,0.0
534,1.6833413,3.2833414,0.0
535,1.6666747,3.2666745,0.0
536,1.6500082,3.2500079,0.0
537,1.6333414,3.2333415,0.0
538,1.6166747,3.2166748,0.0
539,1.6000081,3.200008,0.0
540,1.5833414,3.1833415,0.0
541,1.5666748,3.1666749,0.0
542,1.7500081,3.1500082,0.0
543,1.7333415,3.1333413,0.0
544,1.7166748,3.1166747,0.0
545,1.7000082,3.1000082,0.0
546,1.6833415,3.0833416,0.0
547,1.6666749,3.0666747,0.0
548,1.6500082,3.250008,0.0
549,1.6333416,3.4333415,0.0
550,1.6166749,3.416675,0.0
551,1.6000082,3.6000082,0.0
552,1.5833416,3.5833416,0.0
553,1.566675,3.566675,0.0
554,1.5500083,3.5500083,0.0
555,1.5333416,3.5333416,0.0
556,1.516675,3.516675,0.0
557,1.5000083,3.5000083,0.0
558,1.4833417,3.4833417,0.0
559,1.466675,3.466675,0.0
560,1.4500084,3.4500084,0.0
561,1.4333417,3.4333417,0.0
562,1.4166751,3.416675,0.0
563,1.4000084,3.4000084,0.0
564,1.3833418,3.3833418,0.0
565,1.3666751,3.3666751,0.0
566,1.3500085,3.3500085,0.0
567,1.3333418,3.3333418,0.0
568,1.3166752,3.3166752,0.0
569,1.3000085,3.3000085,0.0
570,1.2833419,3.283342,0.0
571,1.2666752,3.2666752,0.0
572,1.2500086,3.2500086,0.0
573,1.2333419,3.233342,0.0
574,1.2166753,3.2166753,0.0
575,1.2000086,3.2000086,0.0
576,1.183342,3.183342,0.0
577,1.1666753,3.1666753,0.0
578,1.1500087,3.1500087,0.0
579,1.133342,3.133342,0.0
580,1.1166754,3.3166754,0.0
581,1.1000087,3.3000088,0.0
582,1.0833421,3.283342,0.0
583,1.0666754,3.2666752,0.0
584,1.0500088,3.2500088,0.0
585,1.0333421,3.2333422,0.0
586,1.2166755,3.2166758,0.0
587,1.2000089,3.2000086,0.0
588,1.1833422,3.1833422,0.0
589,1.1666756,3.1666756,0.0
590,1.1500089,3.1500087,0.0
591,1.1333423,3.133342,0.0
592,1.1166756,3.1166756,0.0
593,1.100009,3.100009,0.0
594,1.0833422,3.0833426,0.0
595,1.0666755,3.0666754,0.0
596,1.0500089,3.050009,0.0
597,1.0333422,3.0333424,0.0
598,1.0166756,3.0166755,0.0
599,1.000009,3.0000088,0.0
600,1.1833423,2.9833424,0.0
601,1.1666756,2.9666758,0.0
602,1.1500089,2.9500093,0.0
603,1.1333423,2.9333422,0.0
604,1.1166757,2.9166758,0.0
605,1.100009,2.9000092,0.0
606,1.0833423,3.0833426,0.0
607,1.0666757,3.0666757,0.0
608,1.050009,3.0500093,0.0
609,1.0333424,3.0333426,0.0
610,1.0166757,3.016676,0.0
611,1.0000091,3.000009,0.0
612,0.9833424,2.9833424,0.0
613,0.96667576,2.966676,0.0
614,1.3500091,2.9500093,0.0
615,1.3333424,2.9333425,0.0
616,1.3166757,2.916676,0.0
617,1.3000091,2.9000094,0.0
618,1.2833425,2.8833427,0.0
619,1.2666758,2.8666759,0.0
620,1.2500091,2.8500092,0.0
621,1.2333425,2.8333428,0.0
622,1.2166759,2.8166761,0.0
623,1.2000092,2.8000093,0.0
624,1.1875069,2.1875072,1.0
625,1.175007,2.175007,1.0
626,1.362507,2.162507,1.0
627,1.350007,2.150007,1.0
628,1.337507,2.137507,1.0
629,1.325007,2.1250072,1.0
630,1.312507,2.112507,1.0
631,1.3000071,2.100007,1.0
632,1.287507,2.0875072,1.0
633,1.275007,2.0750072,1.0
634,1.2625071,2.0625072,1.0
635,1.2500072,2.050007,1.0
636,1.2375071,2.037507,1.0
637,1.225007,2.0250072,1.0
638,1.2125071,2.0125072,1.0
639,1.2000072,2.0000072,1.0
640,1.3875072,1.9875072,1.0
641,1.3750072,1.9750073,1.0
642,1.3625071,1.9625072,1.0
643,1.3500072,1.9500072,1.0
644,1.3375072,1.9375073,1.0
645,1.3250072,1.9250073,1.0
646,1.9125073,1.9125073,1.0
647,1.9000072,1.9000072,1.0
648,1.8875072,1.8875073,1.0
649,1.8750073,1.8750074,1.0
650,1.8625073,1.8625073,1.0
651,1.8500073,1.8500073,1.0
652,1.8375072,1.8375074,1.0
653,1.8250073,1.8250074,1.0
654,1.8125074,1.8125074,1.0
655,1.8000073,1.8000073,1.0
656,1.7875073,1.7875074,1.0
657,1.7750074,1.7750075,1.0
658,1.7625074,1.7625074,1.0
659,1.7500074,1.7500074,1.0
660,1.7375073,1.7375075,1.0
661,1.7250074,1.7250075,1.0
662,1.7125075,1.7125075,1.0
663,1.7000074,1.7000074,1.0
664,1.6875074,1.6875075,1.0
665,1.6750075,1.6750076,1.0
666,1.6625075,1.6625075,1.0
667,1.6500075,1.6500075,1.0
668,1.6375074,1.6375076,1.0
669,1.6250075,1.6250076,1.0
670,1.6125076,1.6125076,1.0
671,1.6000075,1.6000075,1.0
672,1.5875075,1.5875076,1.0
673,1.5750076,1.5750077,1.0
674,1.5625076,1.5625076,1.0
675,1.5500076,1.5500076,1.0
676,1.5375075,1.5375077,1.0
677,1.5250076,1.5250077,1.0
678,1.5125077,1.5125077,1.0
679,1.5000076,1.5000076,1.0
680,1.4875076,1.4875077,1.0
681,1.4750077,1.4750078,1.0
682,1.4625077,1.4625077,1.0
683,1.4500077,1.4500077,1.0
684,1.6375077,1.4375077,1.0
685,1.6250076,1.4250078,1.0
686,1.6125076,1.4125078,1.0
687,1.6000077,1.4000077,1.0
688,1.5875077,1.3875078,1.0
689,1.5750077,1.3750079,1.0
690,1.5625076,1.3625078,1.0
691,1.5500077,1.3500078,1.0
692,1.5375078,1.3375078,1.0
693,1.5250077,1.3250079,1.0
694,1.5125077,1.3125079,1.0
695,1.5000077,1.3000078,1.0
696,1.4875078,1.2875079,1.0
697,1.4750078,1.275008,1.0
698,1.4625077,1.2625079,1.0
699,1.4500078,1.2500079,1.0
700,1.4375079,1.2375079,1.0
701,1.4250078,1.225008,1.0
702,1.4125078,1.212508,1.0
703,1.4000078,1.2000079,1.0
704,1.3875079,1.187508,1.0
705,1.3750079,1.175008,1.0
706,1.3625078,1.162508,1.0
707,1.3500079,1.150008,1.0
708,1.337508,1.137508,1.0
709,1.3250079,1.1250081,1.0
710,1.3125079,1.112508,1.0
711,1.3000079,1.100008,1.0
712,1.287508,1.0875081,1.0
713,1.275008,1.0750082,1.0
714,1.2625079,1.0625081,1.0
715,1.250008,1.050008,1.0
716,1.237508,1.0375081,1.0
717,1.225008,1.0250082,1.0
718,1.212508,1.0125082,1.0
719,1.200008,1.0000081,1.0
720,1.3875082,1.1875081,1.0
721,1.3750081,1.1750082,1.0
722,1.362508,1.1625082,1.0
723,1.3500081,1.1500082,1.0
724,1.3375082,1.1375082,1.0
725,1.3250082,1.1250082,1.0
726,1.3125081,1.1125083,1.0
727,1.3000082,1.1000082,1.0
728,1.2875082,1.0875082,1.0
729,1.2750082,1.0750083,1.0
730,1.2625082,1.0625083,1.0
731,1.8500082,1.0500083,1.0
732,1.8375082,1.0375082,1.0
733,1.8250082,1.0250083,1.0
734,1.8125082,1.0125084,1.0
735,1.8000083,1.0000083,1.0
736,1.7875082,0.98750836,1.0
737,1.7750082,2.1750083,1.0
738,1.7625083,2.1625082,1.0
739,1.7500083,2.1500082,1.0
740,1.7375083,2.1375084,1.0
741,1.7250082,2.1250083,1.0
742,1.7125083,2.1125083,1.0
743,1.7000084,2.1000085,1.0
744,1.6875083,2.0875084,1.0
745,1.6750083,2.0750084,1.0
746,1.6625084,2.0625083,1.0
747,1.6500084,2.0500083,1.0
748,1.6375084,2.0375085,1.0
749,1.6250083,2.0250084,1.0
750,1.6125084,2.0125084,1.0
751,1.6000085,2.0000086,1.0
752,1.5875084,1.9875085,1.0
753,1.5750084,1.9750085,1.0
754,1.5625085,2.5625086,1.0
755,1.5500085,2.5500085,1.0
756,1.5375085,2.5375085,1.0
757,1.5250084,2.5250084,1.0
758,1.5125085,2.5125084,1.0
759,1.5000086,2.5000086,1.0
760,1.4875085,2.4875085,1.0
761,1.4750085,2.4750085,1.0
762,1.4625086,2.4625087,1.0
763,1.4500086,2.4500086,1.0
764,1.4375086,2.4375086,1.0
765,1.4250085,2.4250085,1.0
766,1.4125086,2.4125085,1.0
767,1.4000087,2.4000087,1.0
768,1.3875086,2.3875086,1.0
769,1.3750086,2.3750086,1.0
770,1.3625087,2.3625088,1.0
771,1.3500087,2.3500087,1.0
772,1.3375087,2.3375087,1.0
773,1.3250086,2.3250086,1.0
774,1.3125087,2.3125086,1.0
775,1.3000088,2.3000088,1.0
776,1.2875087,2.2875087,1.0
777,1.2750087,2.2750087,1.0
778,1.2625087,2.2625089,1.0
779,1.2500088,2.2500088,1.0
780,1.2375088,2.2375088,1.0
781,1.4250088,2.2250087,1.0
782,1.4125087,2.2125087,1.0
783,1.4000087,2.2000089,1.0
784,1.3875087,2.1875088,1.0
785,1.5750087,2.1750088,1.0
786,1.5625088,2.162509,1.0
787,1.5500088,2.150009,1.0
788,1.5375087,2.1375089,1.0
789,1.5250088,2.1250088,1.0
790,1.5125089,2.1125088,1.0
791,1.5000088,2.100009,1.0
792,1.4875088,2.087509,1.0
793,1.4750088,2.0750089,1.0
794,1.4625089,2.062509,1.0
795,1.4500089,2.050009,1.0
796,1.4375088,2.037509,1.0
797,1.4250089,2.025009,1.0
798,1.412509,2.0125089,1.0
799,1.4000089,2.000009,1.0
800,1.3875089,1.987509,1.0
801,1.375009,1.975009,1.0
802,1.362509,1.962509,1.0
803,1.350009,1.9500091,1.0
804,1.337509,1.9375091,1.0
805,1.325009,1.925009,1.0
806,1.3125091,1.9125091,1.0
807,1.300009,1.9000092,1.0
808,1.2875091,1.8875091,1.0
809,1.275009,1.8750091,1.0
810,1.2625091,1.8625091,1.0
811,1.2500091,1.8500092,1.0
812,1.2375091,1.8375092,1.0
813,1.2250091,2.0250092,1.0
814,1.2125092,2.0125093,1.0
815,1.2000091,2.000009,1.0
816,1.1875092,1.9875093,1.0
817,1.1750091,1.9750092,1.0
818,1.1625092,1.9625093,1.0
819,1.1500092,1.9500091,1.0
820,1.1375092,1.9375093,1.0
821,1.1250092,1.9250093,1.0
822,1.1125093,2.312509,1.0
823,1.1000092,2.3000093,1.0
824,1.2875092,2.2875092,1.0
825,1.2750093,2.2750094,1.0
826,1.2625092,2.2625093,1.0
827,1.2500093,2.2500093,1.0
828,1.2375093,2.2375093,1.0
829,1.2250093,2.2250094,1.0
830,1.2125093,2.2125092,1.0
831,1.2000093,2.2000093,1.0
832,1.1875093,2.1875093,1.0
833,1.1750094,2.1750095,1.0
834,1.1625093,2.1625094,1.0
835,1.1500094,2.1500094,1.0
836,1.1375093,2.1375093,1.0
837,1.1250093,2.1250095,1.0
838,1.1125094,2.1125093,1.0
839,1.1000093,2.1000094,1.0
840,1.0875093,2.0875094,1.0
841,1.2750093,2.0750096,1.0
842,1.2625093,2.0625095,1.0
843,1.2500093,2.0500095,1.0
844,1.2375093,2.0375094,1.0
845,1.4250093,2.0250096,1.0
846,1.4125093,2.0125093,1.0
847,1.4000094,2.0000095,1.0
848,1.3875093,1.9875095,1.0
849,1.3750093,1.9750097,1.0
850,1.3625094,1.9625095,1.0
851,1.3500094,1.9500096,1.0
852,1.3375094,1.9375095,1.0
853,1.3250093,1.9250097,1.0
854,1.3125094,1.9125096,1.0
855,1.3000095,1.9000096,1.0
856,1.2875094,1.8875096,1.0
857,1.2750094,1.8750098,1.0
858,1.2625095,1.8625096,1.0
859,1.2500095,1.8500097,1.0
860,1.2375095,1.8375096,1.0
861,1.8250096,1.8250098,1.0
862,1.8125095,1.8125097,1.0
863,1.8000095,1.8000097,1.0
864,2.5875096,1.7875097,1.0
865,2.5750096,1.7750099,1.0
866,2.5625095,1.7625097,1.0
867,2.5500095,1.7500098,1.0
868,2.5375094,1.7375097,1.0
869,2.5250096,1.7250099,1.0
870,2.7125096,1.7125098,1.0
871,2.7000096,1.7000098,1.0
872,2.6875095,1.6875098,1.0
873,2.6750097,1.67501,1.0
874,2.6625097,1.6625098,1.0
875,2.6500096,1.6500099,1.0
876,2.6375096,1.6375098,1.0
877,2.6250095,1.62501,1.0
878,2.6125097,1.6125098,1.0
879,2.6000097,1.6000099,1.0
880,2.5875096,1.5875099,1.0
881,2.5750098,1.5750101,1.0
882,2.5625098,1.5625099,1.0
883,2.5500097,1.55001,1.0
884,2.5375097,1.5375099,1.0
885,2.5250096,1.5250101,1.0
886,2.5125098,1.51251,1.0
887,2.5000098,1.50001,1.0
888,2.4875097,1.48751,1.0
889,2.47501,1.4750102,1.0
890,2.4625099,1.46251,1.0
891,2.4500098,1.4500101,1.0
892,2.4375098,1.43751,1.0
893,2.4250097,1.4250102,1.0
894,2.41251,1.41251,1.0
895,2.4000099,1.4000101,1.0
896,2.3875098,1.3875101,1.0
897,2.37501,1.3750103,1.0
898,2.36251,1.3625101,1.0
899,2.35001,1.3500102,1.0
900,2.3375099,1.3375101,1.0
901,2.3250098,1.3250103,1.0
902,2.31251,1.3125101,1.0
903,2.30001,1.3000102,1.0
904,2.28751,1.2875102,1.0
905,2.27501,1.2750103,1.0
906,2.26251,1.2625102,1.0
907,2.25001,1.2500103,1.0
908,2.23751,1.2375102,1.0
909,2.22501,1.2250104,1.0
910,2.21251,1.2125102,1.0
911,2.20001,1.2000103,1.0
912,2.18751,1.1875103,1.0
913,2.1750102,1.3750103,1.0
914,2.1625102,1.3625103,1.0
915,2.15001,1.3500104,1.0
916,2.13751,1.3375103,1.0
917,2.12501,1.3250103,1.0
918,2.1125102,1.3125104,1.0
919,2.1000102,1.3000104,1.0
920,2.08751,1.2875104,1.0
921,2.0750103,1.2750103,1.0
922,2.0625103,1.2625104,1.0
923,2.0500102,1.2500105,1.0
924,2.0375102,1.2375104,1.0
925,2.02501,1.2250104,1.0
926,2.0125103,1.2125105,1.0
927,2.0000103,1.2000105,1.0
928,1.9875102,1.1875105,1.0
929,1.9750103,1.1750104,1.0
930,1.9625103,1.1625105,1.0
931,1.9500103,1.1500106,1.0
932,1.9375103,1.1375105,1.0
933,1.9250103,1.1250105,1.0
934,1.9125104,1.1125106,1.0
935,1.9000103,1.1000106,1.0
936,1.8875103,1.0875106,1.0
937,1.8750104,1.0750105,1.0
938,1.8625104,1.0625106,1.0
939,1.8500104,1.0500107,1.0
940,1.8375103,1.0375106,1.0
941,1.8250104,1.0250106,1.0
942,1.8125105,1.0125107,1.0
943,1.8000104,1.0000107,1.0
944,1.7875104,0.9875107,1.0
945,1.7750105,0.9750107,1.0
946,1.7625105,0.9625107,1.0
947,1.7500105,0.9500107,1.0
948,1.7375104,0.9375107,1.0
949,1.7250105,0.92501074,1.0
950,1.7125106,0.91251075,1.0
951,1.7000105,0.90001076,1.0
952,1.6875105,0.8875108,1.0
953,1.6750106,0.8750108,1.0
954,1.6625106,0.8625108,1.0
955,1.6500106,0.8500108,1.0
956,1.6375105,0.8375108,1.0
957,1.6250106,0.82501084,1.0
958,1.6125107,0.81251085,1.0
959,1.6000106,0.80001086,1.0
960,1.5875106,1.1875108,1.0
961,1.5750107,1.1750109,1.0
962,1.5625107,1.1625109,1.0
963,1.5500107,1.1500108,1.0
964,1.5375106,1.1375109,1.0
965,1.5250107,1.125011,1.0
966,1.5125108,1.1125109,1.0
967,1.5000107,1.1000109,1.0
968,1.4875107,1.087511,1.0
969,1.4750108,1.075011,1.0
970,1.4625108,1.062511,1.0
971,1.4500108,1.0500109,1.0
972,1.4375107,1.037511,1.0
973,1.4250108,1.0250111,1.0
974,1.4125109,1.012511,1.0
975,1.4000108,1.000011,1.0
976,1.3875108,0.98751104,1.0
977,1.3750108,0.97501105,1.0
978,1.3625109,0.96251106,1.0
979,1.3500109,0.9500111,1.0
980,1.3375108,0.9375111,1.0
981,1.3250109,0.9250111,1.0
982,1.312511,0.9125111,1.0
983,1.3000109,0.9000111,1.0
984,1.2875109,0.88751113,1.0
985,1.275011,1.4750111,1.0
986,1.262511,1.4625111,1.0
987,1.250011,1.4500113,1.0
988,1.2375109,1.4375111,1.0
989,1.225011,1.4250112,1.0
990,1.2125111,1.4125111,1.0
991,1.200011,1.4000113,1.0
992,1.187511,1.3875111,1.0
993,1.175011,1.3750112,1.0
994,1.1625111,1.3625112,1.0
995,1.1500111,1.3500113,1.0
996,1.137511,1.3375112,1.0
997,1.1250111,1.3250113,1.0
998,1.1125112,1.3125112,1.0
999,1.1000111,1.3000114,1.0
1000,1.0875111,1.2875112,1.0
1001,1.0750111,1.2750113,1.0
1002,1.0625112,1.2625113,1.0
1003,1.0500112,1.2500114,1.0
1004,1.0375111,1.2375113,1.0
1005,1.0250112,1.2250113,1.0
1006,1.4125111,1.2125113,1.0
1007,1.4000112,1.2000115,1.0
1008,1.3875113,1.1875114,1.0
1009,1.3750112,1.1750114,1.0
1010,1.3625112,1.1625113,1.0
1011,1.3500112,1.1500114,1.0
1012,1.3375113,1.1375115,1.0
1013,1.3250113,1.1250114,1.0
1014,1.3125112,1.1125114,1.0
1015,1.3000113,1.9000114,1.0
1016,1.2875113,1.8875115,1.0
1017,1.2750113,1.8750114,1.0
1018,1.2625113,1.8625114,1.0
1019,1.2500113,1.8500115,1.0
1020,1.2375114,1.8375115,1.0
1021,1.2250113,1.8250115,1.0
1022,1.2125113,1.8125114,1.0
1023,1.2000114,1.8000115,1.0
1024,1.1875114,1.7875116,1.0
1025,1.1750114,1.7750115,1.0
1026,1.1625113,1.7625115,1.0
1027,1.1500114,1.7500116,1.0
1028,1.1375115,1.7375116,1.0
1029,1.1250114,1.7250116,1.0
1030,1.1125114,1.7125115,1.0
1031,1.1000113,1.7000115,1.0
1032,1.0875114,1.6875116,1.0
1033,1.0750115,1.6750116,1.0
1034,1.0625114,1.6625116,1.0
1035,1.0500114,1.6500115,1.0
1036,1.0375115,1.6375116,1.0
1037,1.0250114,1.6250117,1.0
1038,1.0125115,1.6125116,1.0
1039,1.0000114,1.6000116,1.0
1040,0.98751146,1.5875115,1.0
1041,0.97501147,1.5750116,1.0
1042,0.9625115,1.5625117,1.0
1043,0.9500115,1.5500116,1.0
1044,0.9375115,1.5375116,1.0
1045,0.9250115,1.5250117,1.0
1046,0.9125115,1.5125117,1.0
1047,0.90001154,1.5000117,1.0
1048,0.88751155,1.6875117,1.0
1049,0.87501156,1.6750116,1.0
1050,0.8625116,1.6625117,1.0
1051,0.8500115,1.6500118,1.0
1052,0.83751154,1.6375117,1.0
1053,0.82501155,1.6250117,1.0
1054,0.81251156,1.6125118,1.0
1055,0.8000116,1.6000118,1.0
1056,0.79167455,0.9916745,2.0
1057,0.7833412,0.98334116,2.0
1058,0.7750079,0.97500783,2.0
1059,0.7666746,0.9666745,2.0
1060,0.75834125,0.9583412,2.0
1061,0.7500079,0.95000786,2.0
1062,0.7416746,0.94167453,2.0
1063,0.7333413,0.9333412,2.0
1064,0.72500795,0.9250079,2.0
1065,0.7166746,0.91667455,2.0
1066,0.7083413,0.9083412,2.0
1067,0.700008,0.9000079,2.0
1068,0.69167465,0.8916746,2.0
1069,0.6833413,0.88334125,2.0
1070,0.675008,0.8750079,2.0
1071,0.6666747,0.8666746,2.0
1072,0.65834135,0.8583413,2.0
1073,0.650008,0.85000795,2.0
1074,0.6416747,0.8416746,2.0
1075,0.6333414,0.83334124,2.0
1076,0.62500805,0.8250079,2.0
1077,0.61667466,0.8166746,2.0
1078,0.60834134,0.80834126,2.0
1079,0.600008,0.80000794,2.0
1080,0.5916747,0.7916746,2.0
1081,0.58334136,0.7833413,2.0
1082,0.57500803,0.77500796,2.0
1083,0.5666747,0.76667464,2.0
1084,0.5583414,0.75834125,2.0
1085,0.55000806,0.7500079,2.0
1086,0.5416747,0.7416746,2.0
1087,0.53334135,0.7333413,2.0
1088,0.525008,0.72500795,2.0
1089,0.5166747,0.7166746,2.0
1090,0.5083414,0.7083413,2.0
1091,0.50000805,0.700008,2.0
1092,0.49167472,0.69167465,2.0
1093,0.4833414,0.6833413,2.0
1094,0.47500807,0.67500794,2.0
1095,0.46667472,0.6666746,2.0
1096,0.4583414,0.6583413,2.0
1097,0.45000806,0.65000796,2.0
1098,0.44167474,0.64167464,2.0
1099,0.4333414,0.8333413,2.0
1100,0.4250081,0.825008,2.0
1101,0.41667476,0.81667465,2.0
1102,0.4083414,0.8083413,2.0
1103,0.40000808,0.800008,2.0
1104,0.0,0.0,4.0
1105,0.0,0.0,4.0
1106,0.0,0.0,4.0
1107,0.0,0.0,4.0
1108,0.0,0.0,4.0
1109,0.0,0.0,4.0
1110,0.0,0.0,4.0
1111,0.0,0.0,4.0
1112,0.0,0.0,4.0
1113,0.0,0.0,4.0
1114,0.0,0.0,4.0
1115,0.0,0.0,4.0
1116,0.0,0.0,4.0
1117,0.0,0.0,4.0
1118,0.0,0.0,4.0
1119,0.0,0.0,4.0
1120,0.0,0.0,4.0
1121,0.0,0.0,4.0
1122,0.0,0.0,4.0
1123,0.0,0.0,4.0
1124,0.0,0.0,4.0
1125,0.0,0.0,4.0
1126,0.0,0.0,4.0
1127,0.0,0.0,4.0
1128,0.0,0.0,4.0
1129,0.0,0.0,4.0
1130,0.0,0.0,4.0
1131,0.0,0.0,4.0
1132,0.0,0.0,4.0
1133,0.0,0.0,4.0
1134,0.0,0.0,4.0
1135,0.0,0.0,4.0
1136,0.0,0.0,4.0
1137,0.0,0.0,4.0
1138,0.0,0.0,4.0
1139,0.0,0.0,4.0
1140,0.0,0.0,4.0
1141,0.0,0.0,4.0
1142,0.0,0.0,4.0
1143,0.0,0.0,4.0
1144,0.0,0.0,4.0
1145,0.0,0.0,4.0
1146,0.0,0.0,4.0
1147,0.0,0.0,4.0
1148,0.0,0.0,4.0
1149,0.0,0.0,4.0
1150,0.0,0.0,4.0
1151,0.0,0.0,4.0
1152,0.0,0.0,4.0
1153,0.0,0.0,4.0
1154,0.0,0.0,4.0
1155,0.0,0.0,4.0
1156,0.0,0.0,4.0
1157,0.0,0.0,4.0
1158,0.0,0.0,4.0
1159,0.0,0.0,4.0
1160,0.0,0.0,4.0
1161,0.0,0.0,4.0
1162,0.0,0.0,4.0
1163,0.0,0.0,4.0
1164,0.0,0.0,4.0
1165,0.0,0.0,4.0
1166,0.0,0.0,4.0
1167,0.0,0.0,4.0
1168,0.0,0.0,4.0
1169,0.0,0.0,4.0
1170,0.0,0.0,4.0
1171,0.0,0.0,4.0
1172,0.0,0.0,4.0
1173,0.0,0.0,4.0
1174,0.0,0.0,4.0
1175,0.0,0.0,4.0
1176,0.0,0.0,4.0
1177,0.0,0.0,4.0
1178,0.0,0.0,4.0
1179,0.0,0.0,4.0
